{"cameraMode":{"drawMode":0,"name":"Shaded","section":"Shading Mode"},"sceneLighting":true,"audioPlay":false,"sceneViewState":{"showFog":true,"showMaterialUpdate":false,"showSkybox":true,"showFlares":true,"showImageEffects":true,"showParticleSystems":true},"in2DMode":false,"pivot":{"x":2.4638671875,"y":1.290783166885376,"z":0.81292325258255},"rotation":{"x":0.3694715201854706,"y":0.3973645865917206,"z":-0.1788845658302307,"w":0.8207268118858337},"size":7.4483442306518559,"orthographic":true}