{"cameraMode":{"drawMode":0,"name":"Shaded","section":"Shading Mode"},"sceneLighting":true,"audioPlay":false,"sceneViewState":{"showFog":true,"showMaterialUpdate":false,"showSkybox":true,"showFlares":true,"showImageEffects":true,"showParticleSystems":true},"in2DMode":false,"pivot":{"x":3.1624021530151369,"y":0.4005481004714966,"z":0.09382399171590805},"rotation":{"x":-0.1549965739250183,"y":-0.624208927154541,"z":0.12815967202186585,"w":-0.7549267411231995},"size":3.1497442722320558,"orthographic":true}