{"cameraMode":{"drawMode":0,"name":"Shaded","section":"Shading Mode"},"sceneLighting":true,"audioPlay":false,"sceneViewState":{"showFog":true,"showMaterialUpdate":false,"showSkybox":true,"showFlares":true,"showImageEffects":true,"showParticleSystems":true},"in2DMode":false,"pivot":{"x":2.8193359375,"y":2.1708984375,"z":-1.05621337890625},"rotation":{"x":0.22736234962940217,"y":0.6550184488296509,"z":-0.21670283377170564,"w":0.6872387528419495},"size":8.160163879394532,"orthographic":true}