{"cameraMode":{"drawMode":0,"name":"Shaded","section":"Shading Mode"},"sceneLighting":true,"audioPlay":false,"sceneViewState":{"showFog":true,"showMaterialUpdate":false,"showSkybox":true,"showFlares":true,"showImageEffects":true,"showParticleSystems":true},"in2DMode":false,"pivot":{"x":3.1624021530151369,"y":0.4005481004714966,"z":0.09382399171590805},"rotation":{"x":-0.1995004117488861,"y":-0.6884620189666748,"z":0.20619675517082215,"w":-0.6661100387573242},"size":12.650740623474121,"orthographic":true}