{"cameraMode":{"drawMode":0,"name":"Shaded","section":"Shading Mode"},"sceneLighting":true,"audioPlay":false,"sceneViewState":{"showFog":true,"showMaterialUpdate":false,"showSkybox":true,"showFlares":true,"showImageEffects":true,"showParticleSystems":true},"in2DMode":false,"pivot":{"x":3.1624021530151369,"y":0.4005481004714966,"z":0.09382399171590805},"rotation":{"x":-0.27932918071746828,"y":-0.6837984323501587,"z":0.32275548577308657,"w":-0.5917972326278687},"size":11.374903678894043,"orthographic":true}