{"cameraMode":{"drawMode":0,"name":"Shaded","section":"Shading Mode"},"sceneLighting":true,"audioPlay":false,"sceneViewState":{"showFog":true,"showMaterialUpdate":false,"showSkybox":true,"showFlares":true,"showImageEffects":true,"showParticleSystems":true},"in2DMode":false,"pivot":{"x":-6.119999885559082,"y":0.5500000715255737,"z":-0.3554530143737793},"rotation":{"x":0.3694715201854706,"y":0.3973645865917206,"z":-0.1788845658302307,"w":0.8207268118858337},"size":18.19510841369629,"orthographic":true}